"=""578574658192064512""",kano23234,ドラえもん＆のび太の名言集,1302,"「一週間たったけどこない。一か月……、こないなあ。 一年たったけど……、まだこない。ついに十年たった。パパやママやドラえもんはどうしているかな……。」

ドラえもん・名言　迷言　暴言　ブログ毎日更新しています。",0,2015-03-20 00:12:02 +0900,https://twitter.com/kano23234
"=""578574738961780736""",85papamama,漫画の名言,27111,"【ドラえもん】
しずかちゃんの名言集『大ぜいが同じこと考えるなんて、気もち悪いわ』
http://t.co/BUkJbiToCQ",0,2015-03-20 00:12:21 +0900,https://twitter.com/85papamama
"=""578575681774211074""",DoraMeigen,ドラ名言RtoZ　,339,★「残酷なようだけど、ほったらかして #ドラえもん　＃名言　＃のび太　＃スネ夫　＃ジャイアン　＃しずか　＃心に響いたらRT,0,2015-03-20 00:16:06 +0900,https://twitter.com/DoraMeigen
"=""578576401491591168""",supe59284,ドラえもん名言・迷言・暴言・相互フォロー,923,"「一週間たったけどこない。一か月……、こないなあ。 一年たったけど……、まだこない。ついに十年たった。パパやママやドラえもんはどうしているかな……。」

ドラえもん・名言　迷言　暴言　ブログ毎日更新しています。",0,2015-03-20 00:18:58 +0900,https://twitter.com/supe59284
"=""578576472941572097""",get16bot,アニメ名言集,186,"「はたらなかないでくらせるなんて、けっこうなみぶんだなあ。」 
のび太パパ/ドラえもん #アニメ　#名言",0,2015-03-20 00:19:15 +0900,https://twitter.com/get16bot
"=""578578505606127616""",katsu_popn,KATSU(サマルトリア王子),2382,ドラえもんって名言あるなぁ。。 http://t.co/MbbwVNWa3p,1,2015-03-20 00:27:19 +0900,https://twitter.com/katsu_popn
"=""578579734390394880""",meigen_syoten,名言書店bot,160,男らしいとか、女らしいとか、いったいだれが決めたんだろう。（野比のび太）ドラことば心に響くドラえもん名言集 http://t.co/kaeBfybZRm,0,2015-03-20 00:32:12 +0900,https://twitter.com/meigen_syoten
"=""578582221063262208""",kano23234,ドラえもん＆のび太の名言集,1302,"「ぼくぐらい高級なロボットになると蚊がさすんだよ。」

ドラえもん・名言　迷言　暴言　ブログ毎日更新しています。",0,2015-03-20 00:42:05 +0900,https://twitter.com/kano23234
"=""578582731606487040""",supe59284,ドラえもん名言・迷言・暴言・相互フォロー,923,"「のんびり行こうよ、人生は。」

ドラえもん・名言　迷言　暴言　ブログ毎日更新しています。",0,2015-03-20 00:44:07 +0900,https://twitter.com/supe59284
"=""578582995721809922""",DoraMeigen,ドラ名言RtoZ　,339,★「悩んでる…？いや、悩んでなんかい #ドラえもん　＃名言　＃のび太　＃スネ夫　＃ジャイアン　＃しずか　＃心に響いたらRT,0,2015-03-20 00:45:10 +0900,https://twitter.com/DoraMeigen
"=""578585600216805376""",junjun_hirarin,じゅん@アニディス幽霊部員,149,RT @katsu_popn: ドラえもんって名言あるなぁ。。 http://t.co/MbbwVNWa3p,1,2015-03-20 00:55:31 +0900,https://twitter.com/junjun_hirarin
"=""578588827435950080""",623shiNon,しぃさん,78,"ちーちゃんの今日の名言
ドラえもんか…あっ違う、ドラゲナイだ",0,2015-03-20 01:08:20 +0900,https://twitter.com/623shiNon
"=""578589792759222274""",kano23234,ドラえもん＆のび太の名言集,1302,"「アホかきみは。」

ドラえもん・名言　迷言　暴言　ブログ毎日更新しています。",0,2015-03-20 01:12:10 +0900,https://twitter.com/kano23234
"=""578589898233417728""",85papamama,漫画の名言,27111,"【ドラえもん】
セワシの名言集『運命は、変えることだってできるんだから。』
http://t.co/PWAV7VsdRV",0,2015-03-20 01:12:36 +0900,https://twitter.com/85papamama
"=""578591059271282688""",DoraMeigen,ドラ名言RtoZ　,339,"★

「坂道によわくてねえ。平らな山 #ドラえもん　＃名言　＃のび太　＃スネ夫　＃ジャイアン　＃しずか　＃心に響いたらRT",0,2015-03-20 01:17:12 +0900,https://twitter.com/DoraMeigen
"=""578591579549483008""",supe59284,ドラえもん名言・迷言・暴言・相互フォロー,923,"「ぼくはいまにあやとり大臣になる。きっとなってみせる!」

ドラえもん・名言　迷言　暴言　ブログ毎日更新しています。",0,2015-03-20 01:19:16 +0900,https://twitter.com/supe59284
"=""578593072533020672""",KandoHappyX,心温まる言葉を一つ,16250,運命は、変えることだってできるんだから。 By ドラえもん #感動 #名言,0,2015-03-20 01:25:12 +0900,https://twitter.com/KandoHappyX
"=""578597470441074689""",kano23234,ドラえもん＆のび太の名言集,1302,"「ドラえもん、きみが帰ったら部屋ががらんとしちゃったよ。でも……、すぐになれると思う。だから……、心配するなよ、ドラえもん。」

ドラえもん・名言　迷言　暴言　ブログ毎日更新しています。",0,2015-03-20 01:42:41 +0900,https://twitter.com/kano23234
"=""578598733727674368""",38miwa39_again,じゃっきー。@最高の武道館余韻,615,ドラえもんの漫画はさりげない名言がおおいよ！,0,2015-03-20 01:47:42 +0900,https://twitter.com/38miwa39_again
"=""578599008584642560""",mats_jay,JayMats★,4146,ドラえもん名言「のび太くん、未来は変えられるんだ」STAND BY ME ドラえもん,0,2015-03-20 01:48:48 +0900,https://twitter.com/mats_jay
"=""578599549574336513""",DoraMeigen,ドラ名言RtoZ　,339,★「人がいっしょうけんめいついている #ドラえもん　＃名言　＃のび太　＃スネ夫　＃ジャイアン　＃しずか　＃心に響いたらRT,0,2015-03-20 01:50:57 +0900,https://twitter.com/DoraMeigen
"=""578601464693534720""",supe59284,ドラえもん名言・迷言・暴言・相互フォロー,923,"「みたろ、ドラえもん。かったんだよ。ぼくひとりで。もう安心して帰れるだろ、ドラえもん。」

ドラえもん・名言　迷言　暴言　ブログ毎日更新しています。",0,2015-03-20 01:58:33 +0900,https://twitter.com/supe59284
"=""578601496960352256""",gionavys,宮脇愛由美,130,"@otinosuke0908 選択www
乾燥機かけてる(๑°⌓°๑)
床つくことやʕʘ̅͜ʘ̅ʔ
頑張るしか←
あ！なんかなすごい発見したねん←
ドラえもんの名言！
他にもいいのあったけどリツイートするのが恥ずかしくてやめたwww",0,2015-03-20 01:58:41 +0900,https://twitter.com/gionavys
"=""578602527165272064""",that_is_a_pen_0,ねく,339,【定期】botでドラえもんの名言、迷言呟いてます,0,2015-03-20 02:02:47 +0900,https://twitter.com/that_is_a_pen_0
"=""578623795461640192""",DoraMeigen,ドラ名言RtoZ　,339,"★
「ゆめのない世の中になったなあ。 #ドラえもん　＃名言　＃のび太　＃スネ夫　＃ジャイアン　＃しずか　＃心に響いたらRT",0,2015-03-20 03:27:17 +0900,https://twitter.com/DoraMeigen
"=""578625857092112384""",get16bot,アニメ名言集,186,"「いつの間にか僕は夜中に一人でトイレに行けるようになった、一人で電車に乗って会社に通うようになった。でも本当に僕は変わったのかな?ねえドラえもん、僕は明日結婚するよ…」
のび太/ドラえもん #アニメ　#名言",0,2015-03-20 03:35:29 +0900,https://twitter.com/get16bot
"=""578625868701925376""",supe59284,ドラえもん名言・迷言・暴言・相互フォロー,923,"「つくえの引き出しはただの引き出しにもどりました。でも……、ぼくは開けるたびにドラえもんを思い出すのです。」

ドラえもん・名言　迷言　暴言　ブログ毎日更新しています。",0,2015-03-20 03:35:32 +0900,https://twitter.com/supe59284
"=""578626646791438336""",aitoegao,Cheb,59,【ドラえもん名言集】障害があったらのりこえればいい！道を選ぶということは、必ずしも歩きやすい安全な道を選ぶってことじゃないんだぞbyドラえもん,0,2015-03-20 03:38:37 +0900,https://twitter.com/aitoegao
"=""578627943183716352""",supe59284,ドラえもん名言・迷言・暴言・相互フォロー,923,"「ドラえもん、きみが帰ったら部屋ががらんとしちゃったよ。でも……、すぐになれると思う。だから……、心配するなよ、ドラえもん。」

ドラえもん・名言　迷言　暴言　ブログ毎日更新しています。",0,2015-03-20 03:43:46 +0900,https://twitter.com/supe59284
"=""578628119940046848""",DoraMeigen,ドラ名言RtoZ　,339,"★
「今もってる自転車はきらいだ！　 #ドラえもん　＃名言　＃のび太　＃スネ夫　＃ジャイアン　＃しずか　＃心に響いたらRT",0,2015-03-20 03:44:28 +0900,https://twitter.com/DoraMeigen
"=""578629266578919424""",mats_jay,JayMats★,4146,"ドラえもん名言「君はこの先　何度も転ぶ　でもその度に立ち上がる強さも
君は持っているんだよ」",0,2015-03-20 03:49:02 +0900,https://twitter.com/mats_jay
"=""578635106601996288""",kano23234,ドラえもん＆のび太の名言集,1302,"「きみはかんちがいしてるんだ。道をえらぶということは、かならずしも歩きやすい安全な道をえらぶってことじゃないんだぞ。」

ドラえもん・名言　迷言　暴言　ブログ毎日更新しています。",0,2015-03-20 04:12:14 +0900,https://twitter.com/kano23234
"=""578635583775383552""",supe59284,ドラえもん名言・迷言・暴言・相互フォロー,923,"「よってたかって、いくじなしの弱虫ののび太をいじめるとは!!」「ちょっと、いいすぎじゃないの。」

ドラえもん・名言　迷言　暴言　ブログ毎日更新しています。",0,2015-03-20 04:14:08 +0900,https://twitter.com/supe59284
"=""578635685239779328""",DoraMeigen,ドラ名言RtoZ　,339,"★
「みろ、ドラえもん。かったんだよ #ドラえもん　＃名言　＃のび太　＃スネ夫　＃ジャイアン　＃しずか　＃心に響いたらRT",0,2015-03-20 04:14:32 +0900,https://twitter.com/DoraMeigen
"=""578636143664570368""",sexiier,【sexiは無料！】出会いへの招待はここ,10071,"拡散　ＲＴ　≪恋の名言≫
占いなんか気にしないで、自分の信じた道を進んだのがよかったんだね。ＢＹドラえもん
最後に決めるのは自分です！→　http://t.co/GdfWfeXBk7 #出会い　#出会い系　#deai　#婚活 #結婚",0,2015-03-20 04:16:21 +0900,https://twitter.com/sexiier
"=""578642571896881152""",kano23234,ドラえもん＆のび太の名言集,1302,"「こんなところで、用もなくぼさあっと立ってるのは…、なんともいえず、むなしいものだ。」

ドラえもん・名言　迷言　暴言　ブログ毎日更新しています。",0,2015-03-20 04:41:54 +0900,https://twitter.com/kano23234
"=""578642883130994688""",supe59284,ドラえもん名言・迷言・暴言・相互フォロー,923,"「生きてるのがいやになった。」「いつものことじゃない。」

ドラえもん・名言　迷言　暴言　ブログ毎日更新しています。",0,2015-03-20 04:43:08 +0900,https://twitter.com/supe59284
"=""578643193832480768""",DoraMeigen,ドラ名言RtoZ　,339,"★
「おばさんて、会うたびに若くなら #ドラえもん　＃名言　＃のび太　＃スネ夫　＃ジャイアン　＃しずか　＃心に響いたらRT",0,2015-03-20 04:44:22 +0900,https://twitter.com/DoraMeigen
"=""578647303482957824""",minnnano_meigen,みんなの名言bot,199,"【名言】いっぺんでいいから本気で悩んでみろ！ by,ドラえもん #みんなの名言",0,2015-03-20 05:00:42 +0900,https://twitter.com/minnnano_meigen
"=""578649956329877504""",kurimanju_jiken,ドラえもん名言&面白ネタbot,81,"〈名言シリーズ〉
マジだぜ！！

ーードラえもんhttp://t.co/nDYWbgXcKQ",1,2015-03-20 05:11:15 +0900,https://twitter.com/kurimanju_jiken
"=""578650143173558272""",kano23234,ドラえもん＆のび太の名言集,1302,"「みたろ、ドラえもん。かったんだよ。ぼくひとりで。もう安心して帰れるだろ、ドラえもん。」

ドラえもん・名言　迷言　暴言　ブログ毎日更新しています。",0,2015-03-20 05:11:59 +0900,https://twitter.com/kano23234
"=""578650429938085889""",doraemonmeigen,ドラえもん名言　暴言　口癖,2480,"「せきたてちゃだめだよ。
それぞれ自分のペースがあるんだから。」
ドラえもん

その他ドラえもんの名言まとめ→　http://t.co/A2H4MkqGIN",0,2015-03-20 05:13:07 +0900,https://twitter.com/doraemonmeigen
"=""578650916460576770""",DoraMeigen,ドラ名言RtoZ　,339,"★
「まあ、きみらとちがってぼくなん #ドラえもん　＃名言　＃のび太　＃スネ夫　＃ジャイアン　＃しずか　＃心に響いたらRT",0,2015-03-20 05:15:03 +0900,https://twitter.com/DoraMeigen
"=""578650983439417344""",supe59284,ドラえもん名言・迷言・暴言・相互フォロー,923,"「これをはめればきみでも勝てる、いってきなさい。」「いや、そんなめんどくさいんじゃなく。いつでもどこでもかんたんにしかえしできるのかしてよ。」

ドラえもん・名言　迷言　暴言　ブログ毎日更新しています。",0,2015-03-20 05:15:19 +0900,https://twitter.com/supe59284
"=""578652588440227842""",Sugaraska,AsukaTsuji,103,"最近久山さんのポストのドラちゃん名言集が身にしみる！
#Repost @hisakocarib with repostapp.⁰・・・⁰ViVa・国民的漫画。
#ドラえもん #名言 #一番お気に入りは左下 https://t.co/k7plGZPyEK",0,2015-03-20 05:21:42 +0900,https://twitter.com/Sugaraska
"=""578656815782731776""",hibiragi_mgu051,ねぼすけ,10,そんなゆめみたいな話、きらいなの。お金は、自分で働いてもうけるものよ【ドラえもん】漫画 名言,0,2015-03-20 05:38:30 +0900,https://twitter.com/hibiragi_mgu051
"=""578657672414785537""",kano23234,ドラえもん＆のび太の名言集,1302,"「日本じゅうがきみのレベルに落ちたら、この世のおわりだぞ!!」

ドラえもん・名言　迷言　暴言　ブログ毎日更新しています。",0,2015-03-20 05:41:54 +0900,https://twitter.com/kano23234
"=""578658083687309312""",supe59284,ドラえもん名言・迷言・暴言・相互フォロー,923,"「どっちも自分が正しいと思ってるよ。戦争なんてそんなもんだよ。」

ドラえもん・名言　迷言　暴言　ブログ毎日更新しています。",0,2015-03-20 05:43:32 +0900,https://twitter.com/supe59284
"=""578658320799629312""",DoraMeigen,ドラ名言RtoZ　,339,"★「のんびり行こうよ、人生は。」
ド #ドラえもん　＃名言　＃のび太　＃スネ夫　＃ジャイアン　＃しずか　＃心に響いたらRT",0,2015-03-20 05:44:29 +0900,https://twitter.com/DoraMeigen
"=""578665207645515777""",kano23234,ドラえもん＆のび太の名言集,1302,"「先生、ぼく こんどのテストからカンニングやります。」

ドラえもん・名言　迷言　暴言　ブログ毎日更新しています。",0,2015-03-20 06:11:51 +0900,https://twitter.com/kano23234
"=""578665866453188608""",supe59284,ドラえもん名言・迷言・暴言・相互フォロー,923,"「じゃ、ミサイルでもうちこんでやるか。」

ドラえもん・名言　迷言　暴言　ブログ毎日更新しています。",0,2015-03-20 06:14:28 +0900,https://twitter.com/supe59284
"=""578665890591453184""",DoraMeigen,ドラ名言RtoZ　,339,"★
「ねむるのが悪い、おきてりゃえら #ドラえもん　＃名言　＃のび太　＃スネ夫　＃ジャイアン　＃しずか　＃心に響いたらRT",0,2015-03-20 06:14:34 +0900,https://twitter.com/DoraMeigen
"=""578671540838866944""",MikuttiBB,みくっち＠名言・名台詞・美しい風景,1210,おはようごじゃいます。なんてったって名言から。≪いっぺんでいいから 本気で悩んでみろ！ (ドラえもん)≫,0,2015-03-20 06:37:01 +0900,https://twitter.com/MikuttiBB
"=""578673016051093504""",supe59284,ドラえもん名言・迷言・暴言・相互フォロー,923,"「な、かんたんだろ。じゃまものは消してしまえ。すみごこち、のいい世界にしようじゃないか。」

ドラえもん・名言　迷言　暴言　ブログ毎日更新しています。",0,2015-03-20 06:42:52 +0900,https://twitter.com/supe59284
"=""578673338848976896""",get16bot,アニメ名言集,186,"「すぐ、診てあげるからはだかになって!!」 
のび太/ドラえもん #アニメ　#名言",0,2015-03-20 06:44:09 +0900,https://twitter.com/get16bot
"=""578673360671920128""",DoraMeigen,ドラ名言RtoZ　,339,★「予言なんて信じないよ。みんな偶然 #ドラえもん　＃名言　＃のび太　＃スネ夫　＃ジャイアン　＃しずか　＃心に響いたらRT,0,2015-03-20 06:44:15 +0900,https://twitter.com/DoraMeigen
"=""578676726596657152""",sunflower550,名言大辞典＠心も体も健康に,171,"【心に響く名言集】

「道を選ぶということは、必ずしも歩きやすい、安全な道を選ぶってことじゃないんだぞ。」

ドラえもん",0,2015-03-20 06:57:37 +0900,https://twitter.com/sunflower550
"=""578680297975250944""",kano23234,ドラえもん＆のび太の名言集,1302,"「つくえの引き出しはただの引き出しにもどりました。でも……、ぼくは開けるたびにドラえもんを思い出すのです。」

ドラえもん・名言　迷言　暴言　ブログ毎日更新しています。",0,2015-03-20 07:11:49 +0900,https://twitter.com/kano23234
"=""578680770379681792""",supe59284,ドラえもん名言・迷言・暴言・相互フォロー,923,"「ふだん、勉強しないのがいけないんだっ。」

ドラえもん・名言　迷言　暴言　ブログ毎日更新しています。",0,2015-03-20 07:13:41 +0900,https://twitter.com/supe59284
"=""578680975120424960""",DoraMeigen,ドラ名言RtoZ　,339,★「うちのパパ、えらいんだぞ。社長だ #ドラえもん　＃名言　＃のび太　＃スネ夫　＃ジャイアン　＃しずか　＃心に響いたらRT,0,2015-03-20 07:14:30 +0900,https://twitter.com/DoraMeigen
"=""578685122242686976""",nobita_kuzu,野比のび太 名言bot,63,のび太名言…ぼくだけの力で、きみにかたないと・・・・・・・。ドラえもんが安心して・・・・・・、帰れないんだ！,0,2015-03-20 07:30:59 +0900,https://twitter.com/nobita_kuzu
"=""578688163620659201""",supe59284,ドラえもん名言・迷言・暴言・相互フォロー,923,"「日本じゅうがきみのレベルに落ちたら、この世のおわりだぞ!!」

ドラえもん・名言　迷言　暴言　ブログ毎日更新しています。",0,2015-03-20 07:43:04 +0900,https://twitter.com/supe59284
"=""578688464557740032""",DoraMeigen,ドラ名言RtoZ　,339,★「さあ、どうかな。道具を使うのはけ #ドラえもん　＃名言　＃のび太　＃スネ夫　＃ジャイアン　＃しずか　＃心に響いたらRT,0,2015-03-20 07:44:16 +0900,https://twitter.com/DoraMeigen
"=""578692694437814273""",nobita_kuzu,野比のび太 名言bot,63,のび太名言…いつの間にか僕は夜中に一人でトイレに行けるようになった。電車に乗って会社に通うようになった。でも本当に僕は変わったのかな？ねぇドラえもん、僕は明日結婚するよ・・・。,0,2015-03-20 08:01:04 +0900,https://twitter.com/nobita_kuzu
"=""578692791619866624""",Nagaoka_Lsat,nagaoka,4843,"ドラえもん
世の中にこんなバカが
一人ぐらいいてもいいんじゃないでしょうか。
ーマンガ名言",0,2015-03-20 08:01:27 +0900,https://twitter.com/Nagaoka_Lsat
"=""578693991631179776""",rin_chan0703,りん,1180,障害があったらのりこえればいい！道をえらぶということは､かならずしも歩きやすい 安全な道をえらぶってことじゃないんだぞ｡　（ドラえもん）#名言,0,2015-03-20 08:06:13 +0900,https://twitter.com/rin_chan0703
"=""578694800611774464""",kurimanju_jiken,ドラえもん名言&面白ネタbot,81,"〈名言シリーズ〉
こんにちは、ぼくドラえもんです。

ーードラえもん",0,2015-03-20 08:09:26 +0900,https://twitter.com/kurimanju_jiken
"=""578696096932753408""",supe59284,ドラえもん名言・迷言・暴言・相互フォロー,923,"「ああ、ついにカンニングしたか。」

ドラえもん・名言　迷言　暴言　ブログ毎日更新しています。",0,2015-03-20 08:14:35 +0900,https://twitter.com/supe59284
"=""578697379919982592""",otaseki2000,otaseki2000,871,【漫画・アニメ名言】おまえのものはおれのもの、おれのものもおれのもの　ジャイアン　～ドラえもん～,0,2015-03-20 08:19:41 +0900,https://twitter.com/otaseki2000
"=""578697972801646592""",doraemon_eng,ドラえもん英会話bot,537,"Are you believing that I’m Nobita, Grand-ma?　byのび太
「おばあちゃんは、僕がのび太だって信じてくれるの？」
#ドラえもん #英語 #名言",0,2015-03-20 08:22:03 +0900,https://twitter.com/doraemon_eng
"=""578702947401363456""",kano23234,ドラえもん＆のび太の名言集,1302,"「生きてるのがいやになった。」「いつものことじゃない。」

ドラえもん・名言　迷言　暴言　ブログ毎日更新しています。",0,2015-03-20 08:41:49 +0900,https://twitter.com/kano23234
"=""578703299567751168""",supe59284,ドラえもん名言・迷言・暴言・相互フォロー,923,"「アホかきみは。」

ドラえもん・名言　迷言　暴言　ブログ毎日更新しています。",0,2015-03-20 08:43:13 +0900,https://twitter.com/supe59284
"=""578703583060758529""",ANIME_COMIC_BOT,アニメ(コミック)名言BOT,900,道を選ぶということは必ずしも歩きやすい安全な道を選ぶってことじゃないんだぞ  (ドラえもん) #名言,0,2015-03-20 08:44:20 +0900,https://twitter.com/ANIME_COMIC_BOT
"=""578703601058500608""",DoraMeigen,ドラ名言RtoZ　,339,"★

「だれでもいい。 ジャイアンで #ドラえもん　＃名言　＃のび太　＃スネ夫　＃ジャイアン　＃しずか　＃心に響いたらRT",0,2015-03-20 08:44:24 +0900,https://twitter.com/DoraMeigen
"=""578703629315502080""",get16bot,アニメ名言集,186,"「人にできて、きみだけにできないなんてことあるもんか。」 
ドラえもん/ドラえもん #アニメ　#名言",0,2015-03-20 08:44:31 +0900,https://twitter.com/get16bot
"=""578706295487787008""",SAMSUNG_JP,水口 紘幸（反原発／反TPP／反自民）,880,"""心にグッとくる。ドラえもんから学ぶ人生の名言10選"" http://t.co/TtDtJZcozL",0,2015-03-20 08:55:07 +0900,https://twitter.com/SAMSUNG_JP
"=""578709644744343553""",vepyxivizux,名言デリバリー屋さん,523,のび太くんを選んだ君の判断は正しかったと思うよ｡ あの青年は人の幸せを願い､ 人の不幸を悲しむことのできる人だ｡ それが人間にとって大事なことなんだからね。 彼なら、まちがいなく君を幸せにしてくれると、僕は信じているよ｡（『ドラえもん のび太の結婚前夜』しずかち #名言,0,2015-03-20 09:08:25 +0900,https://twitter.com/vepyxivizux
"=""578710519550373888""",kano23234,ドラえもん＆のび太の名言集,1302,"「どっちも自分が正しいと思ってるよ。戦争なんてそんなもんだよ。」

ドラえもん・名言　迷言　暴言　ブログ毎日更新しています。",0,2015-03-20 09:11:54 +0900,https://twitter.com/kano23234
"=""578711296507449344""",DoraMeigen,ドラ名言RtoZ　,339,"★
「なぜだ！！なぜおかしは食べると #ドラえもん　＃名言　＃のび太　＃スネ夫　＃ジャイアン　＃しずか　＃心に響いたらRT",0,2015-03-20 09:14:59 +0900,https://twitter.com/DoraMeigen
"=""578711387112787969""",supe59284,ドラえもん名言・迷言・暴言・相互フォロー,923,"「のび太の脳みそは進化がおくれているらしい。」

ドラえもん・名言　迷言　暴言　ブログ毎日更新しています。",0,2015-03-20 09:15:21 +0900,https://twitter.com/supe59284
"=""578711633918185472""",mats_jay,JayMats★,4146,ドラえもん名言「のび太くん、未来は変えられるんだ」STAND BY ME ドラえもん,0,2015-03-20 09:16:20 +0900,https://twitter.com/mats_jay
"=""578711773802471424""",freedom24_901,自由に憧れノマドになったまろん,1595,過ぎたことを悔やんでも、しょうがないじゃないか。目はどうして前についていると思う？前向きに進んでいくためだよ。【ドラえもん 名言】,0,2015-03-20 09:16:53 +0900,https://twitter.com/freedom24_901
"=""578714327122759680""",Akihitweet,Ａkihito(・。・),965,"ドラえもんの名言botが糞みたいな出合い系の宣伝をRTし始めたので、
速攻ブロック。

藤子不二雄に失礼だと思わんのか。",0,2015-03-20 09:27:02 +0900,https://twitter.com/Akihitweet
"=""578718045759131649""",85papamama,漫画の名言,27111,"【ドラえもん名言】
のび太の名言集『こんなにこまってみせてるのに。』
http://t.co/qaYpEiSrEl",0,2015-03-20 09:41:48 +0900,https://twitter.com/85papamama
"=""578718053816389632""",kano23234,ドラえもん＆のび太の名言集,1302,"「のんびり行こうよ、人生は。」

ドラえもん・名言　迷言　暴言　ブログ毎日更新しています。",0,2015-03-20 09:41:50 +0900,https://twitter.com/kano23234
"=""578718423204515840""",supe59284,ドラえもん名言・迷言・暴言・相互フォロー,923,"「人にできて、きみだけにできないなんてことあるもんか。」

ドラえもん・名言　迷言　暴言　ブログ毎日更新しています。",0,2015-03-20 09:43:18 +0900,https://twitter.com/supe59284
"=""578718694429229057""",DoraMeigen,ドラ名言RtoZ　,339,"★
「ぼくだけの力で、きみにかたない #ドラえもん　＃名言　＃のび太　＃スネ夫　＃ジャイアン　＃しずか　＃心に響いたらRT",0,2015-03-20 09:44:23 +0900,https://twitter.com/DoraMeigen
"=""578725604884770816""",kano23234,ドラえもん＆のび太の名言集,1302,"「一週間たったけどこない。一か月……、こないなあ。 一年たったけど……、まだこない。ついに十年たった。パパやママやドラえもんはどうしているかな……。」

ドラえもん・名言　迷言　暴言　ブログ毎日更新しています。",0,2015-03-20 10:11:51 +0900,https://twitter.com/kano23234
"=""578725612438732800""",85papamama,漫画の名言,27111,"【ドラえもん】
ドラえもんに登場するキャラクターの好きな名言を探してみよう！
http://t.co/lUBKz1Um9X",0,2015-03-20 10:11:52 +0900,https://twitter.com/85papamama
"=""578726064056193024""",funny_pic_news,おもしろ画像 -話題情報まとめ,574,"『ドラえもんの名言コマ画像集』 http://t.co/sNL5sFGPvp

 -NAVERまとめ (おもしろ画像)",0,2015-03-20 10:13:40 +0900,https://twitter.com/funny_pic_news
"=""578726203730714624""",supe59284,ドラえもん名言・迷言・暴言・相互フォロー,923,"「きみはかんちがいしてるんだ。道をえらぶということは、かならずしも歩きやすい安全な道をえらぶってことじゃないんだぞ。」

ドラえもん・名言　迷言　暴言　ブログ毎日更新しています。",0,2015-03-20 10:14:13 +0900,https://twitter.com/supe59284
"=""578726295804067841""",DoraMeigen,ドラ名言RtoZ　,339,"★
「目でピーナッツかみき」だしてよ #ドラえもん　＃名言　＃のび太　＃スネ夫　＃ジャイアン　＃しずか　＃心に響いたらRT",0,2015-03-20 10:14:35 +0900,https://twitter.com/DoraMeigen
"=""578731341874761728""",funny_pic_news,おもしろ画像 -話題情報まとめ,574,"『ドラえもんの名言コマ画像集』 http://t.co/8pL6goqjjp

 -NAVERまとめ (おもしろ画像)",0,2015-03-20 10:34:38 +0900,https://twitter.com/funny_pic_news
"=""578733143517065216""",kano23234,ドラえもん＆のび太の名言集,1302,"「人にできて、きみだけにできないなんてことあるもんか。」

ドラえもん・名言　迷言　暴言　ブログ毎日更新しています。",0,2015-03-20 10:41:48 +0900,https://twitter.com/kano23234
"=""578733517254742016""",supe59284,ドラえもん名言・迷言・暴言・相互フォロー,923,"「ほしいからって、なんでもかんでもかんたんに手に入ると思うのは考えがあまいぞ。」

ドラえもん・名言　迷言　暴言　ブログ毎日更新しています。",0,2015-03-20 10:43:17 +0900,https://twitter.com/supe59284
"=""578733838030876672""",DoraMeigen,ドラ名言RtoZ　,339,"★
「声をかけようと思うけど……、お #ドラえもん　＃名言　＃のび太　＃スネ夫　＃ジャイアン　＃しずか　＃心に響いたらRT",0,2015-03-20 10:44:33 +0900,https://twitter.com/DoraMeigen
"=""578734959269052416""",crownjewel_jp,古屋　貴史,99,"【ドラえもんの名言】
あのなあ、人がもってるからほしいとか、流行におどらされるなんてのはバカ者の……。",0,2015-03-20 10:49:01 +0900,https://twitter.com/crownjewel_jp
"=""578737728310784000""",W_O_WisdomBot,心に残る名言bot,196,「一番いけないのは、自分なんかだめだと思い込むことだよ。」のび太【ドラえもん】#名言,0,2015-03-20 11:00:01 +0900,https://twitter.com/W_O_WisdomBot
"=""578740173992648704""",akira04231,akira0423,352,"【アニメ名言】そんなゆめみたいな話、きらいなの。
お金は、自分で働いてもうけるものよ。
 
by ドラえもん ドラミちゃん",0,2015-03-20 11:09:44 +0900,https://twitter.com/akira04231
"=""578740304863309825""",kaos_smanga,マンガ大好きbot,2248,"どっちも自分が正しいと思ってるよ。戦争なんてそんなもんだよ。
byドラえもん　#アニメ　#名言 http://t.co/FExf7EnBa2",1,2015-03-20 11:10:15 +0900,https://twitter.com/kaos_smanga
"=""578741192147410944""",abechandayon444,アニメや漫画の名言集,58,"ドラえもん ドラえもんの名言～
みせびらかしていばるなんて、感心しないな。自分で楽しんでいればそれでいいんじゃない。",0,2015-03-20 11:13:47 +0900,https://twitter.com/abechandayon444
"=""578741460343738368""",supe59284,ドラえもん名言・迷言・暴言・相互フォロー,923,"「こんなところで、用もなくぼさあっと立ってるのは…、なんともいえず、むなしいものだ。」

ドラえもん・名言　迷言　暴言　ブログ毎日更新しています。",0,2015-03-20 11:14:51 +0900,https://twitter.com/supe59284
"=""578741468644253697""",DoraMeigen,ドラ名言RtoZ　,339,"★

「坂道によわくてねえ。平らな山 #ドラえもん　＃名言　＃のび太　＃スネ夫　＃ジャイアン　＃しずか　＃心に響いたらRT",0,2015-03-20 11:14:53 +0900,https://twitter.com/DoraMeigen
"=""578741805581086720""",mats_jay,JayMats★,4146,"ドラえもん名言「君はこの先　何度も転ぶ　でもその度に立ち上がる強さも
君は持っているんだよ」",0,2015-03-20 11:16:13 +0900,https://twitter.com/mats_jay
"=""578742605191602176""",otaseki2000,otaseki2000,871,【漫画・アニメ名言】今の時代が気にいらないとこぼしてるだけじゃなんにもならない。ぼくらのすんでるこの時代を少しでもよくするためがんばらなくちゃ。のび太　～ドラえもん～,0,2015-03-20 11:19:24 +0900,https://twitter.com/otaseki2000
"=""578743136207314944""",kkr_mign,心に響くめい言,391,"人にできて、きみだけにできないことなんてことあるもんか。

ドラえもん
#名言 http://t.co/i0wKtEWuGR",0,2015-03-20 11:21:30 +0900,https://twitter.com/kkr_mign
"=""578743918117814272""",1985papan,みんなのゆるキャラ@相互,69182,"RT @85papamama: 【ドラえもん】
ドラえもんに登場するキャラクターの好きな名言を探してみよう！
http://t.co/lUBKz1Um9X",0,2015-03-20 11:24:37 +0900,https://twitter.com/1985papan
"=""578748253002330112""",kano23234,ドラえもん＆のび太の名言集,1302,"「きみはかんちがいしてるんだ。道をえらぶということは、かならずしも歩きやすい安全な道をえらぶってことじゃないんだぞ。」

ドラえもん・名言　迷言　暴言　ブログ毎日更新しています。",0,2015-03-20 11:41:50 +0900,https://twitter.com/kano23234
"=""578748481688317952""",supe59284,ドラえもん名言・迷言・暴言・相互フォロー,923,"「ぼくぐらい高級なロボットになると蚊がさすんだよ。」

ドラえもん・名言　迷言　暴言　ブログ毎日更新しています。",0,2015-03-20 11:42:45 +0900,https://twitter.com/supe59284
"=""578748900640583680""",DoraMeigen,ドラ名言RtoZ　,339,★「学校をふきとばせば、テストがない #ドラえもん　＃名言　＃のび太　＃スネ夫　＃ジャイアン　＃しずか　＃心に響いたらRT,0,2015-03-20 11:44:25 +0900,https://twitter.com/DoraMeigen
"=""578574658192064512""",kano23234,ドラえもん＆のび太の名言集,1302,"「一週間たったけどこない。一か月……、こないなあ。 一年たったけど……、まだこない。ついに十年たった。パパやママやドラえもんはどうしているかな……。」

ドラえもん・名言　迷言　暴言　ブログ毎日更新しています。",0,2015-03-20 00:12:02 +0900,https://twitter.com/kano23234
"=""578574738961780736""",85papamama,漫画の名言,27113,"【ドラえもん】
しずかちゃんの名言集『大ぜいが同じこと考えるなんて、気もち悪いわ』
http://t.co/BUkJbiToCQ",0,2015-03-20 00:12:21 +0900,https://twitter.com/85papamama
"=""578575681774211074""",DoraMeigen,ドラ名言RtoZ　,339,★「残酷なようだけど、ほったらかして #ドラえもん　＃名言　＃のび太　＃スネ夫　＃ジャイアン　＃しずか　＃心に響いたらRT,0,2015-03-20 00:16:06 +0900,https://twitter.com/DoraMeigen
"=""578576401491591168""",supe59284,ドラえもん名言・迷言・暴言・相互フォロー,923,"「一週間たったけどこない。一か月……、こないなあ。 一年たったけど……、まだこない。ついに十年たった。パパやママやドラえもんはどうしているかな……。」

ドラえもん・名言　迷言　暴言　ブログ毎日更新しています。",0,2015-03-20 00:18:58 +0900,https://twitter.com/supe59284
"=""578576472941572097""",get16bot,アニメ名言集,186,"「はたらなかないでくらせるなんて、けっこうなみぶんだなあ。」 
のび太パパ/ドラえもん #アニメ　#名言",0,2015-03-20 00:19:15 +0900,https://twitter.com/get16bot
"=""578578505606127616""",katsu_popn,KATSU(サマルトリア王子),2382,ドラえもんって名言あるなぁ。。 http://t.co/MbbwVNWa3p,1,2015-03-20 00:27:19 +0900,https://twitter.com/katsu_popn
"=""578579734390394880""",meigen_syoten,名言書店bot,160,男らしいとか、女らしいとか、いったいだれが決めたんだろう。（野比のび太）ドラことば心に響くドラえもん名言集 http://t.co/kaeBfybZRm,0,2015-03-20 00:32:12 +0900,https://twitter.com/meigen_syoten
"=""578582221063262208""",kano23234,ドラえもん＆のび太の名言集,1302,"「ぼくぐらい高級なロボットになると蚊がさすんだよ。」

ドラえもん・名言　迷言　暴言　ブログ毎日更新しています。",0,2015-03-20 00:42:05 +0900,https://twitter.com/kano23234
"=""578582731606487040""",supe59284,ドラえもん名言・迷言・暴言・相互フォロー,923,"「のんびり行こうよ、人生は。」

ドラえもん・名言　迷言　暴言　ブログ毎日更新しています。",0,2015-03-20 00:44:07 +0900,https://twitter.com/supe59284
"=""578582995721809922""",DoraMeigen,ドラ名言RtoZ　,339,★「悩んでる…？いや、悩んでなんかい #ドラえもん　＃名言　＃のび太　＃スネ夫　＃ジャイアン　＃しずか　＃心に響いたらRT,0,2015-03-20 00:45:10 +0900,https://twitter.com/DoraMeigen
"=""578585600216805376""",junjun_hirarin,じゅん@アニディス幽霊部員,149,RT @katsu_popn: ドラえもんって名言あるなぁ。。 http://t.co/MbbwVNWa3p,1,2015-03-20 00:55:31 +0900,https://twitter.com/junjun_hirarin
"=""578588827435950080""",623shiNon,しぃさん,78,"ちーちゃんの今日の名言
ドラえもんか…あっ違う、ドラゲナイだ",0,2015-03-20 01:08:20 +0900,https://twitter.com/623shiNon
"=""578589792759222274""",kano23234,ドラえもん＆のび太の名言集,1302,"「アホかきみは。」

ドラえもん・名言　迷言　暴言　ブログ毎日更新しています。",0,2015-03-20 01:12:10 +0900,https://twitter.com/kano23234
"=""578589898233417728""",85papamama,漫画の名言,27113,"【ドラえもん】
セワシの名言集『運命は、変えることだってできるんだから。』
http://t.co/PWAV7VsdRV",0,2015-03-20 01:12:36 +0900,https://twitter.com/85papamama
"=""578591059271282688""",DoraMeigen,ドラ名言RtoZ　,339,"★

「坂道によわくてねえ。平らな山 #ドラえもん　＃名言　＃のび太　＃スネ夫　＃ジャイアン　＃しずか　＃心に響いたらRT",0,2015-03-20 01:17:12 +0900,https://twitter.com/DoraMeigen
"=""578591579549483008""",supe59284,ドラえもん名言・迷言・暴言・相互フォロー,923,"「ぼくはいまにあやとり大臣になる。きっとなってみせる!」

ドラえもん・名言　迷言　暴言　ブログ毎日更新しています。",0,2015-03-20 01:19:16 +0900,https://twitter.com/supe59284
"=""578593072533020672""",KandoHappyX,心温まる言葉を一つ,16250,運命は、変えることだってできるんだから。 By ドラえもん #感動 #名言,0,2015-03-20 01:25:12 +0900,https://twitter.com/KandoHappyX
"=""578597470441074689""",kano23234,ドラえもん＆のび太の名言集,1302,"「ドラえもん、きみが帰ったら部屋ががらんとしちゃったよ。でも……、すぐになれると思う。だから……、心配するなよ、ドラえもん。」

ドラえもん・名言　迷言　暴言　ブログ毎日更新しています。",0,2015-03-20 01:42:41 +0900,https://twitter.com/kano23234
"=""578598733727674368""",38miwa39_again,じゃっきー。@最高の武道館余韻,615,ドラえもんの漫画はさりげない名言がおおいよ！,0,2015-03-20 01:47:42 +0900,https://twitter.com/38miwa39_again
"=""578599008584642560""",mats_jay,JayMats★,4146,ドラえもん名言「のび太くん、未来は変えられるんだ」STAND BY ME ドラえもん,0,2015-03-20 01:48:48 +0900,https://twitter.com/mats_jay
"=""578599549574336513""",DoraMeigen,ドラ名言RtoZ　,339,★「人がいっしょうけんめいついている #ドラえもん　＃名言　＃のび太　＃スネ夫　＃ジャイアン　＃しずか　＃心に響いたらRT,0,2015-03-20 01:50:57 +0900,https://twitter.com/DoraMeigen
"=""578601464693534720""",supe59284,ドラえもん名言・迷言・暴言・相互フォロー,923,"「みたろ、ドラえもん。かったんだよ。ぼくひとりで。もう安心して帰れるだろ、ドラえもん。」

ドラえもん・名言　迷言　暴言　ブログ毎日更新しています。",0,2015-03-20 01:58:33 +0900,https://twitter.com/supe59284
"=""578601496960352256""",gionavys,宮脇愛由美,130,"@otinosuke0908 選択www
乾燥機かけてる(๑°⌓°๑)
床つくことやʕʘ̅͜ʘ̅ʔ
頑張るしか←
あ！なんかなすごい発見したねん←
ドラえもんの名言！
他にもいいのあったけどリツイートするのが恥ずかしくてやめたwww",0,2015-03-20 01:58:41 +0900,https://twitter.com/gionavys
"=""578602527165272064""",that_is_a_pen_0,ねく,339,【定期】botでドラえもんの名言、迷言呟いてます,0,2015-03-20 02:02:47 +0900,https://twitter.com/that_is_a_pen_0
"=""578623795461640192""",DoraMeigen,ドラ名言RtoZ　,339,"★
「ゆめのない世の中になったなあ。 #ドラえもん　＃名言　＃のび太　＃スネ夫　＃ジャイアン　＃しずか　＃心に響いたらRT",0,2015-03-20 03:27:17 +0900,https://twitter.com/DoraMeigen
"=""578625857092112384""",get16bot,アニメ名言集,186,"「いつの間にか僕は夜中に一人でトイレに行けるようになった、一人で電車に乗って会社に通うようになった。でも本当に僕は変わったのかな?ねえドラえもん、僕は明日結婚するよ…」
のび太/ドラえもん #アニメ　#名言",0,2015-03-20 03:35:29 +0900,https://twitter.com/get16bot
"=""578625868701925376""",supe59284,ドラえもん名言・迷言・暴言・相互フォロー,923,"「つくえの引き出しはただの引き出しにもどりました。でも……、ぼくは開けるたびにドラえもんを思い出すのです。」

ドラえもん・名言　迷言　暴言　ブログ毎日更新しています。",0,2015-03-20 03:35:32 +0900,https://twitter.com/supe59284
"=""578626646791438336""",aitoegao,Cheb,59,【ドラえもん名言集】障害があったらのりこえればいい！道を選ぶということは、必ずしも歩きやすい安全な道を選ぶってことじゃないんだぞbyドラえもん,0,2015-03-20 03:38:37 +0900,https://twitter.com/aitoegao
"=""578627943183716352""",supe59284,ドラえもん名言・迷言・暴言・相互フォロー,923,"「ドラえもん、きみが帰ったら部屋ががらんとしちゃったよ。でも……、すぐになれると思う。だから……、心配するなよ、ドラえもん。」

ドラえもん・名言　迷言　暴言　ブログ毎日更新しています。",0,2015-03-20 03:43:46 +0900,https://twitter.com/supe59284
"=""578628119940046848""",DoraMeigen,ドラ名言RtoZ　,339,"★
「今もってる自転車はきらいだ！　 #ドラえもん　＃名言　＃のび太　＃スネ夫　＃ジャイアン　＃しずか　＃心に響いたらRT",0,2015-03-20 03:44:28 +0900,https://twitter.com/DoraMeigen
"=""578629266578919424""",mats_jay,JayMats★,4146,"ドラえもん名言「君はこの先　何度も転ぶ　でもその度に立ち上がる強さも
君は持っているんだよ」",0,2015-03-20 03:49:02 +0900,https://twitter.com/mats_jay
"=""578635106601996288""",kano23234,ドラえもん＆のび太の名言集,1302,"「きみはかんちがいしてるんだ。道をえらぶということは、かならずしも歩きやすい安全な道をえらぶってことじゃないんだぞ。」

ドラえもん・名言　迷言　暴言　ブログ毎日更新しています。",0,2015-03-20 04:12:14 +0900,https://twitter.com/kano23234
"=""578635583775383552""",supe59284,ドラえもん名言・迷言・暴言・相互フォロー,923,"「よってたかって、いくじなしの弱虫ののび太をいじめるとは!!」「ちょっと、いいすぎじゃないの。」

ドラえもん・名言　迷言　暴言　ブログ毎日更新しています。",0,2015-03-20 04:14:08 +0900,https://twitter.com/supe59284
"=""578635685239779328""",DoraMeigen,ドラ名言RtoZ　,339,"★
「みろ、ドラえもん。かったんだよ #ドラえもん　＃名言　＃のび太　＃スネ夫　＃ジャイアン　＃しずか　＃心に響いたらRT",0,2015-03-20 04:14:32 +0900,https://twitter.com/DoraMeigen
"=""578636143664570368""",sexiier,【sexiは無料！】出会いへの招待はここ,10072,"拡散　ＲＴ　≪恋の名言≫
占いなんか気にしないで、自分の信じた道を進んだのがよかったんだね。ＢＹドラえもん
最後に決めるのは自分です！→　http://t.co/GdfWfeXBk7 #出会い　#出会い系　#deai　#婚活 #結婚",0,2015-03-20 04:16:21 +0900,https://twitter.com/sexiier
"=""578642571896881152""",kano23234,ドラえもん＆のび太の名言集,1302,"「こんなところで、用もなくぼさあっと立ってるのは…、なんともいえず、むなしいものだ。」

ドラえもん・名言　迷言　暴言　ブログ毎日更新しています。",0,2015-03-20 04:41:54 +0900,https://twitter.com/kano23234
"=""578642883130994688""",supe59284,ドラえもん名言・迷言・暴言・相互フォロー,923,"「生きてるのがいやになった。」「いつものことじゃない。」

ドラえもん・名言　迷言　暴言　ブログ毎日更新しています。",0,2015-03-20 04:43:08 +0900,https://twitter.com/supe59284
"=""578643193832480768""",DoraMeigen,ドラ名言RtoZ　,339,"★
「おばさんて、会うたびに若くなら #ドラえもん　＃名言　＃のび太　＃スネ夫　＃ジャイアン　＃しずか　＃心に響いたらRT",0,2015-03-20 04:44:22 +0900,https://twitter.com/DoraMeigen
"=""578647303482957824""",minnnano_meigen,みんなの名言bot,199,"【名言】いっぺんでいいから本気で悩んでみろ！ by,ドラえもん #みんなの名言",0,2015-03-20 05:00:42 +0900,https://twitter.com/minnnano_meigen
"=""578649956329877504""",kurimanju_jiken,ドラえもん名言&面白ネタbot,81,"〈名言シリーズ〉
マジだぜ！！

ーードラえもんhttp://t.co/nDYWbgXcKQ",1,2015-03-20 05:11:15 +0900,https://twitter.com/kurimanju_jiken
"=""578650143173558272""",kano23234,ドラえもん＆のび太の名言集,1302,"「みたろ、ドラえもん。かったんだよ。ぼくひとりで。もう安心して帰れるだろ、ドラえもん。」

ドラえもん・名言　迷言　暴言　ブログ毎日更新しています。",0,2015-03-20 05:11:59 +0900,https://twitter.com/kano23234
"=""578650429938085889""",doraemonmeigen,ドラえもん名言　暴言　口癖,2480,"「せきたてちゃだめだよ。
それぞれ自分のペースがあるんだから。」
ドラえもん

その他ドラえもんの名言まとめ→　http://t.co/A2H4MkqGIN",0,2015-03-20 05:13:07 +0900,https://twitter.com/doraemonmeigen
"=""578650916460576770""",DoraMeigen,ドラ名言RtoZ　,339,"★
「まあ、きみらとちがってぼくなん #ドラえもん　＃名言　＃のび太　＃スネ夫　＃ジャイアン　＃しずか　＃心に響いたらRT",0,2015-03-20 05:15:03 +0900,https://twitter.com/DoraMeigen
"=""578650983439417344""",supe59284,ドラえもん名言・迷言・暴言・相互フォロー,923,"「これをはめればきみでも勝てる、いってきなさい。」「いや、そんなめんどくさいんじゃなく。いつでもどこでもかんたんにしかえしできるのかしてよ。」

ドラえもん・名言　迷言　暴言　ブログ毎日更新しています。",0,2015-03-20 05:15:19 +0900,https://twitter.com/supe59284
"=""578652588440227842""",Sugaraska,AsukaTsuji,103,"最近久山さんのポストのドラちゃん名言集が身にしみる！
#Repost @hisakocarib with repostapp.⁰・・・⁰ViVa・国民的漫画。
#ドラえもん #名言 #一番お気に入りは左下 https://t.co/k7plGZPyEK",0,2015-03-20 05:21:42 +0900,https://twitter.com/Sugaraska
"=""578656815782731776""",hibiragi_mgu051,ねぼすけ,10,そんなゆめみたいな話、きらいなの。お金は、自分で働いてもうけるものよ【ドラえもん】漫画 名言,0,2015-03-20 05:38:30 +0900,https://twitter.com/hibiragi_mgu051
"=""578657672414785537""",kano23234,ドラえもん＆のび太の名言集,1302,"「日本じゅうがきみのレベルに落ちたら、この世のおわりだぞ!!」

ドラえもん・名言　迷言　暴言　ブログ毎日更新しています。",0,2015-03-20 05:41:54 +0900,https://twitter.com/kano23234
"=""578658083687309312""",supe59284,ドラえもん名言・迷言・暴言・相互フォロー,923,"「どっちも自分が正しいと思ってるよ。戦争なんてそんなもんだよ。」

ドラえもん・名言　迷言　暴言　ブログ毎日更新しています。",0,2015-03-20 05:43:32 +0900,https://twitter.com/supe59284
"=""578658320799629312""",DoraMeigen,ドラ名言RtoZ　,339,"★「のんびり行こうよ、人生は。」
ド #ドラえもん　＃名言　＃のび太　＃スネ夫　＃ジャイアン　＃しずか　＃心に響いたらRT",0,2015-03-20 05:44:29 +0900,https://twitter.com/DoraMeigen
"=""578665207645515777""",kano23234,ドラえもん＆のび太の名言集,1302,"「先生、ぼく こんどのテストからカンニングやります。」

ドラえもん・名言　迷言　暴言　ブログ毎日更新しています。",0,2015-03-20 06:11:51 +0900,https://twitter.com/kano23234
"=""578665866453188608""",supe59284,ドラえもん名言・迷言・暴言・相互フォロー,923,"「じゃ、ミサイルでもうちこんでやるか。」

ドラえもん・名言　迷言　暴言　ブログ毎日更新しています。",0,2015-03-20 06:14:28 +0900,https://twitter.com/supe59284
"=""578665890591453184""",DoraMeigen,ドラ名言RtoZ　,339,"★
「ねむるのが悪い、おきてりゃえら #ドラえもん　＃名言　＃のび太　＃スネ夫　＃ジャイアン　＃しずか　＃心に響いたらRT",0,2015-03-20 06:14:34 +0900,https://twitter.com/DoraMeigen
"=""578671540838866944""",MikuttiBB,みくっち＠名言・名台詞・美しい風景,1210,おはようごじゃいます。なんてったって名言から。≪いっぺんでいいから 本気で悩んでみろ！ (ドラえもん)≫,0,2015-03-20 06:37:01 +0900,https://twitter.com/MikuttiBB
"=""578673016051093504""",supe59284,ドラえもん名言・迷言・暴言・相互フォロー,923,"「な、かんたんだろ。じゃまものは消してしまえ。すみごこち、のいい世界にしようじゃないか。」

ドラえもん・名言　迷言　暴言　ブログ毎日更新しています。",0,2015-03-20 06:42:52 +0900,https://twitter.com/supe59284
"=""578673338848976896""",get16bot,アニメ名言集,186,"「すぐ、診てあげるからはだかになって!!」 
のび太/ドラえもん #アニメ　#名言",0,2015-03-20 06:44:09 +0900,https://twitter.com/get16bot
"=""578673360671920128""",DoraMeigen,ドラ名言RtoZ　,339,★「予言なんて信じないよ。みんな偶然 #ドラえもん　＃名言　＃のび太　＃スネ夫　＃ジャイアン　＃しずか　＃心に響いたらRT,0,2015-03-20 06:44:15 +0900,https://twitter.com/DoraMeigen
"=""578676726596657152""",sunflower550,名言大辞典＠心も体も健康に,171,"【心に響く名言集】

「道を選ぶということは、必ずしも歩きやすい、安全な道を選ぶってことじゃないんだぞ。」

ドラえもん",0,2015-03-20 06:57:37 +0900,https://twitter.com/sunflower550
"=""578680297975250944""",kano23234,ドラえもん＆のび太の名言集,1302,"「つくえの引き出しはただの引き出しにもどりました。でも……、ぼくは開けるたびにドラえもんを思い出すのです。」

ドラえもん・名言　迷言　暴言　ブログ毎日更新しています。",0,2015-03-20 07:11:49 +0900,https://twitter.com/kano23234
"=""578680770379681792""",supe59284,ドラえもん名言・迷言・暴言・相互フォロー,923,"「ふだん、勉強しないのがいけないんだっ。」

ドラえもん・名言　迷言　暴言　ブログ毎日更新しています。",0,2015-03-20 07:13:41 +0900,https://twitter.com/supe59284
"=""578680975120424960""",DoraMeigen,ドラ名言RtoZ　,339,★「うちのパパ、えらいんだぞ。社長だ #ドラえもん　＃名言　＃のび太　＃スネ夫　＃ジャイアン　＃しずか　＃心に響いたらRT,0,2015-03-20 07:14:30 +0900,https://twitter.com/DoraMeigen
"=""578685122242686976""",nobita_kuzu,野比のび太 名言bot,63,のび太名言…ぼくだけの力で、きみにかたないと・・・・・・・。ドラえもんが安心して・・・・・・、帰れないんだ！,0,2015-03-20 07:30:59 +0900,https://twitter.com/nobita_kuzu
"=""578688163620659201""",supe59284,ドラえもん名言・迷言・暴言・相互フォロー,923,"「日本じゅうがきみのレベルに落ちたら、この世のおわりだぞ!!」

ドラえもん・名言　迷言　暴言　ブログ毎日更新しています。",0,2015-03-20 07:43:04 +0900,https://twitter.com/supe59284
"=""578688464557740032""",DoraMeigen,ドラ名言RtoZ　,339,★「さあ、どうかな。道具を使うのはけ #ドラえもん　＃名言　＃のび太　＃スネ夫　＃ジャイアン　＃しずか　＃心に響いたらRT,0,2015-03-20 07:44:16 +0900,https://twitter.com/DoraMeigen
"=""578692694437814273""",nobita_kuzu,野比のび太 名言bot,63,のび太名言…いつの間にか僕は夜中に一人でトイレに行けるようになった。電車に乗って会社に通うようになった。でも本当に僕は変わったのかな？ねぇドラえもん、僕は明日結婚するよ・・・。,0,2015-03-20 08:01:04 +0900,https://twitter.com/nobita_kuzu
"=""578692791619866624""",Nagaoka_Lsat,nagaoka,4843,"ドラえもん
世の中にこんなバカが
一人ぐらいいてもいいんじゃないでしょうか。
ーマンガ名言",0,2015-03-20 08:01:27 +0900,https://twitter.com/Nagaoka_Lsat
"=""578693991631179776""",rin_chan0703,りん,1180,障害があったらのりこえればいい！道をえらぶということは､かならずしも歩きやすい 安全な道をえらぶってことじゃないんだぞ｡　（ドラえもん）#名言,0,2015-03-20 08:06:13 +0900,https://twitter.com/rin_chan0703
"=""578694800611774464""",kurimanju_jiken,ドラえもん名言&面白ネタbot,81,"〈名言シリーズ〉
こんにちは、ぼくドラえもんです。

ーードラえもん",0,2015-03-20 08:09:26 +0900,https://twitter.com/kurimanju_jiken
"=""578696096932753408""",supe59284,ドラえもん名言・迷言・暴言・相互フォロー,923,"「ああ、ついにカンニングしたか。」

ドラえもん・名言　迷言　暴言　ブログ毎日更新しています。",0,2015-03-20 08:14:35 +0900,https://twitter.com/supe59284
"=""578697379919982592""",otaseki2000,otaseki2000,871,【漫画・アニメ名言】おまえのものはおれのもの、おれのものもおれのもの　ジャイアン　～ドラえもん～,0,2015-03-20 08:19:41 +0900,https://twitter.com/otaseki2000
"=""578697972801646592""",doraemon_eng,ドラえもん英会話bot,537,"Are you believing that I’m Nobita, Grand-ma?　byのび太
「おばあちゃんは、僕がのび太だって信じてくれるの？」
#ドラえもん #英語 #名言",0,2015-03-20 08:22:03 +0900,https://twitter.com/doraemon_eng
"=""578702947401363456""",kano23234,ドラえもん＆のび太の名言集,1302,"「生きてるのがいやになった。」「いつものことじゃない。」

ドラえもん・名言　迷言　暴言　ブログ毎日更新しています。",0,2015-03-20 08:41:49 +0900,https://twitter.com/kano23234
"=""578703299567751168""",supe59284,ドラえもん名言・迷言・暴言・相互フォロー,923,"「アホかきみは。」

ドラえもん・名言　迷言　暴言　ブログ毎日更新しています。",0,2015-03-20 08:43:13 +0900,https://twitter.com/supe59284
"=""578703583060758529""",ANIME_COMIC_BOT,アニメ(コミック)名言BOT,900,道を選ぶということは必ずしも歩きやすい安全な道を選ぶってことじゃないんだぞ  (ドラえもん) #名言,0,2015-03-20 08:44:20 +0900,https://twitter.com/ANIME_COMIC_BOT
"=""578703601058500608""",DoraMeigen,ドラ名言RtoZ　,339,"★

「だれでもいい。 ジャイアンで #ドラえもん　＃名言　＃のび太　＃スネ夫　＃ジャイアン　＃しずか　＃心に響いたらRT",0,2015-03-20 08:44:24 +0900,https://twitter.com/DoraMeigen
"=""578703629315502080""",get16bot,アニメ名言集,186,"「人にできて、きみだけにできないなんてことあるもんか。」 
ドラえもん/ドラえもん #アニメ　#名言",0,2015-03-20 08:44:31 +0900,https://twitter.com/get16bot
"=""578706295487787008""",SAMSUNG_JP,水口 紘幸（反原発／反TPP／反自民）,880,"""心にグッとくる。ドラえもんから学ぶ人生の名言10選"" http://t.co/TtDtJZcozL",0,2015-03-20 08:55:07 +0900,https://twitter.com/SAMSUNG_JP
"=""578709644744343553""",vepyxivizux,名言デリバリー屋さん,523,のび太くんを選んだ君の判断は正しかったと思うよ｡ あの青年は人の幸せを願い､ 人の不幸を悲しむことのできる人だ｡ それが人間にとって大事なことなんだからね。 彼なら、まちがいなく君を幸せにしてくれると、僕は信じているよ｡（『ドラえもん のび太の結婚前夜』しずかち #名言,0,2015-03-20 09:08:25 +0900,https://twitter.com/vepyxivizux
"=""578710519550373888""",kano23234,ドラえもん＆のび太の名言集,1302,"「どっちも自分が正しいと思ってるよ。戦争なんてそんなもんだよ。」

ドラえもん・名言　迷言　暴言　ブログ毎日更新しています。",0,2015-03-20 09:11:54 +0900,https://twitter.com/kano23234
"=""578711296507449344""",DoraMeigen,ドラ名言RtoZ　,339,"★
「なぜだ！！なぜおかしは食べると #ドラえもん　＃名言　＃のび太　＃スネ夫　＃ジャイアン　＃しずか　＃心に響いたらRT",0,2015-03-20 09:14:59 +0900,https://twitter.com/DoraMeigen
"=""578711387112787969""",supe59284,ドラえもん名言・迷言・暴言・相互フォロー,923,"「のび太の脳みそは進化がおくれているらしい。」

ドラえもん・名言　迷言　暴言　ブログ毎日更新しています。",0,2015-03-20 09:15:21 +0900,https://twitter.com/supe59284
"=""578711633918185472""",mats_jay,JayMats★,4146,ドラえもん名言「のび太くん、未来は変えられるんだ」STAND BY ME ドラえもん,0,2015-03-20 09:16:20 +0900,https://twitter.com/mats_jay
"=""578711773802471424""",freedom24_901,自由に憧れノマドになったまろん,1595,過ぎたことを悔やんでも、しょうがないじゃないか。目はどうして前についていると思う？前向きに進んでいくためだよ。【ドラえもん 名言】,0,2015-03-20 09:16:53 +0900,https://twitter.com/freedom24_901
"=""578714327122759680""",Akihitweet,Ａkihito(・。・),965,"ドラえもんの名言botが糞みたいな出合い系の宣伝をRTし始めたので、
速攻ブロック。

藤子不二雄に失礼だと思わんのか。",0,2015-03-20 09:27:02 +0900,https://twitter.com/Akihitweet
"=""578718045759131649""",85papamama,漫画の名言,27113,"【ドラえもん名言】
のび太の名言集『こんなにこまってみせてるのに。』
http://t.co/qaYpEiSrEl",0,2015-03-20 09:41:48 +0900,https://twitter.com/85papamama
"=""578718053816389632""",kano23234,ドラえもん＆のび太の名言集,1302,"「のんびり行こうよ、人生は。」

ドラえもん・名言　迷言　暴言　ブログ毎日更新しています。",0,2015-03-20 09:41:50 +0900,https://twitter.com/kano23234
"=""578718423204515840""",supe59284,ドラえもん名言・迷言・暴言・相互フォロー,923,"「人にできて、きみだけにできないなんてことあるもんか。」

ドラえもん・名言　迷言　暴言　ブログ毎日更新しています。",0,2015-03-20 09:43:18 +0900,https://twitter.com/supe59284
"=""578718694429229057""",DoraMeigen,ドラ名言RtoZ　,339,"★
「ぼくだけの力で、きみにかたない #ドラえもん　＃名言　＃のび太　＃スネ夫　＃ジャイアン　＃しずか　＃心に響いたらRT",0,2015-03-20 09:44:23 +0900,https://twitter.com/DoraMeigen
"=""578725604884770816""",kano23234,ドラえもん＆のび太の名言集,1302,"「一週間たったけどこない。一か月……、こないなあ。 一年たったけど……、まだこない。ついに十年たった。パパやママやドラえもんはどうしているかな……。」

ドラえもん・名言　迷言　暴言　ブログ毎日更新しています。",0,2015-03-20 10:11:51 +0900,https://twitter.com/kano23234
"=""578725612438732800""",85papamama,漫画の名言,27113,"【ドラえもん】
ドラえもんに登場するキャラクターの好きな名言を探してみよう！
http://t.co/lUBKz1Um9X",0,2015-03-20 10:11:52 +0900,https://twitter.com/85papamama
"=""578726064056193024""",funny_pic_news,おもしろ画像 -話題情報まとめ,574,"『ドラえもんの名言コマ画像集』 http://t.co/sNL5sFGPvp

 -NAVERまとめ (おもしろ画像)",0,2015-03-20 10:13:40 +0900,https://twitter.com/funny_pic_news
"=""578726203730714624""",supe59284,ドラえもん名言・迷言・暴言・相互フォロー,923,"「きみはかんちがいしてるんだ。道をえらぶということは、かならずしも歩きやすい安全な道をえらぶってことじゃないんだぞ。」

ドラえもん・名言　迷言　暴言　ブログ毎日更新しています。",0,2015-03-20 10:14:13 +0900,https://twitter.com/supe59284
"=""578726295804067841""",DoraMeigen,ドラ名言RtoZ　,339,"★
「目でピーナッツかみき」だしてよ #ドラえもん　＃名言　＃のび太　＃スネ夫　＃ジャイアン　＃しずか　＃心に響いたらRT",0,2015-03-20 10:14:35 +0900,https://twitter.com/DoraMeigen
"=""578731341874761728""",funny_pic_news,おもしろ画像 -話題情報まとめ,574,"『ドラえもんの名言コマ画像集』 http://t.co/8pL6goqjjp

 -NAVERまとめ (おもしろ画像)",0,2015-03-20 10:34:38 +0900,https://twitter.com/funny_pic_news
"=""578733143517065216""",kano23234,ドラえもん＆のび太の名言集,1302,"「人にできて、きみだけにできないなんてことあるもんか。」

ドラえもん・名言　迷言　暴言　ブログ毎日更新しています。",0,2015-03-20 10:41:48 +0900,https://twitter.com/kano23234
"=""578733517254742016""",supe59284,ドラえもん名言・迷言・暴言・相互フォロー,923,"「ほしいからって、なんでもかんでもかんたんに手に入ると思うのは考えがあまいぞ。」

ドラえもん・名言　迷言　暴言　ブログ毎日更新しています。",0,2015-03-20 10:43:17 +0900,https://twitter.com/supe59284
"=""578733838030876672""",DoraMeigen,ドラ名言RtoZ　,339,"★
「声をかけようと思うけど……、お #ドラえもん　＃名言　＃のび太　＃スネ夫　＃ジャイアン　＃しずか　＃心に響いたらRT",0,2015-03-20 10:44:33 +0900,https://twitter.com/DoraMeigen
"=""578734959269052416""",crownjewel_jp,古屋　貴史,99,"【ドラえもんの名言】
あのなあ、人がもってるからほしいとか、流行におどらされるなんてのはバカ者の……。",0,2015-03-20 10:49:01 +0900,https://twitter.com/crownjewel_jp
"=""578737728310784000""",W_O_WisdomBot,心に残る名言bot,196,「一番いけないのは、自分なんかだめだと思い込むことだよ。」のび太【ドラえもん】#名言,0,2015-03-20 11:00:01 +0900,https://twitter.com/W_O_WisdomBot
"=""578740173992648704""",akira04231,akira0423,352,"【アニメ名言】そんなゆめみたいな話、きらいなの。
お金は、自分で働いてもうけるものよ。
 
by ドラえもん ドラミちゃん",0,2015-03-20 11:09:44 +0900,https://twitter.com/akira04231
"=""578740304863309825""",kaos_smanga,マンガ大好きbot,2248,"どっちも自分が正しいと思ってるよ。戦争なんてそんなもんだよ。
byドラえもん　#アニメ　#名言 http://t.co/FExf7EnBa2",1,2015-03-20 11:10:15 +0900,https://twitter.com/kaos_smanga
"=""578741192147410944""",abechandayon444,アニメや漫画の名言集,58,"ドラえもん ドラえもんの名言～
みせびらかしていばるなんて、感心しないな。自分で楽しんでいればそれでいいんじゃない。",0,2015-03-20 11:13:47 +0900,https://twitter.com/abechandayon444
"=""578741460343738368""",supe59284,ドラえもん名言・迷言・暴言・相互フォロー,923,"「こんなところで、用もなくぼさあっと立ってるのは…、なんともいえず、むなしいものだ。」

ドラえもん・名言　迷言　暴言　ブログ毎日更新しています。",0,2015-03-20 11:14:51 +0900,https://twitter.com/supe59284
"=""578741468644253697""",DoraMeigen,ドラ名言RtoZ　,339,"★

「坂道によわくてねえ。平らな山 #ドラえもん　＃名言　＃のび太　＃スネ夫　＃ジャイアン　＃しずか　＃心に響いたらRT",0,2015-03-20 11:14:53 +0900,https://twitter.com/DoraMeigen
"=""578741805581086720""",mats_jay,JayMats★,4146,"ドラえもん名言「君はこの先　何度も転ぶ　でもその度に立ち上がる強さも
君は持っているんだよ」",0,2015-03-20 11:16:13 +0900,https://twitter.com/mats_jay
"=""578742605191602176""",otaseki2000,otaseki2000,871,【漫画・アニメ名言】今の時代が気にいらないとこぼしてるだけじゃなんにもならない。ぼくらのすんでるこの時代を少しでもよくするためがんばらなくちゃ。のび太　～ドラえもん～,0,2015-03-20 11:19:24 +0900,https://twitter.com/otaseki2000
"=""578743136207314944""",kkr_mign,心に響くめい言,391,"人にできて、きみだけにできないことなんてことあるもんか。

ドラえもん
#名言 http://t.co/i0wKtEWuGR",0,2015-03-20 11:21:30 +0900,https://twitter.com/kkr_mign
"=""578743918117814272""",1985papan,みんなのゆるキャラ@相互,69183,"RT @85papamama: 【ドラえもん】
ドラえもんに登場するキャラクターの好きな名言を探してみよう！
http://t.co/lUBKz1Um9X",0,2015-03-20 11:24:37 +0900,https://twitter.com/1985papan
"=""578748253002330112""",kano23234,ドラえもん＆のび太の名言集,1302,"「きみはかんちがいしてるんだ。道をえらぶということは、かならずしも歩きやすい安全な道をえらぶってことじゃないんだぞ。」

ドラえもん・名言　迷言　暴言　ブログ毎日更新しています。",0,2015-03-20 11:41:50 +0900,https://twitter.com/kano23234
"=""578748481688317952""",supe59284,ドラえもん名言・迷言・暴言・相互フォロー,923,"「ぼくぐらい高級なロボットになると蚊がさすんだよ。」

ドラえもん・名言　迷言　暴言　ブログ毎日更新しています。",0,2015-03-20 11:42:45 +0900,https://twitter.com/supe59284
"=""578748900640583680""",DoraMeigen,ドラ名言RtoZ　,339,★「学校をふきとばせば、テストがない #ドラえもん　＃名言　＃のび太　＃スネ夫　＃ジャイアン　＃しずか　＃心に響いたらRT,0,2015-03-20 11:44:25 +0900,https://twitter.com/DoraMeigen
